"qts_produtos","media_valor_transacoes","_col2"
"4.394230769230769","1963.6719","3452.4036"
"4.291970802919708","1878.2974","5753.31"
"4.408710217755444","1845.1332","4212.1987"
"4.352549889135255","1818.6364","9096.028"
"4.4404145077720205","1781.4299","4773.4463"
"4.329918032786885","1755.2499","14886.556"
"4.328828828828829","1701.4652","17801.488"
